{
  "config": {
    "months": 6,
    "universe_size": 58,
    "period": "min5"
  },
  "note": "Z1=★买→等金叉; Z2=★买→等MA理顺; Z3=★买→MA理顺→等金叉; 环境:60分黄线+日线PE",
  "results": {
    "T1_ma+nodeath+min60+pe_d": {
      "name": "T1: ★买+MA+无死叉 [MA基线当根]",
      "total": 51,
      "wins": 36,
      "wr": 70.58823529411765,
      "avg_ret": 6.16843137254902,
      "avg_bars": 90.19607843137256,
      "mfe_avg": 11.398823529411766,
      "mae_avg": -0.7235294117647059,
      "stock_coverage": 31,
      "has_fwd_15jc": 19,
      "has_fwd_wr": 94.73684210526315,
      "has_fwd_ret": 8.622631578947368,
      "no_fwd_count": 30,
      "no_fwd_wr": 56.666666666666664,
      "no_fwd_ret": 5.036333333333333,
      "exit_reasons": {
        "减仓卖": 44,
        "止损": 7
      }
    },
    "Z1_star_wait_jincha+min60+pe_d": {
      "name": "Z1: ★买→等5分金叉(12根)→入场 [金叉追赶]",
      "total": 492,
      "wins": 213,
      "wr": 43.292682926829265,
      "avg_ret": 2.5561585365853663,
      "avg_bars": 58.636178861788615,
      "mfe_avg": 6.765650406504065,
      "mae_avg": -1.4145528455284553,
      "stock_coverage": 58,
      "has_fwd_15jc": 111,
      "has_fwd_wr": 56.75675675675676,
      "has_fwd_ret": 4.742522522522522,
      "no_fwd_count": 358,
      "no_fwd_wr": 37.43016759776536,
      "no_fwd_ret": 1.8356983240223463,
      "exit_reasons": {
        "减仓卖": 445,
        "止损": 47
      }
    },
    "Z2_star_wait_ma+min60+pe_d": {
      "name": "Z2: ★买→等MA理顺(12根)→入场 [MA追赶]",
      "total": 1130,
      "wins": 502,
      "wr": 44.424778761061944,
      "avg_ret": 2.1125663716814156,
      "avg_bars": 54.577876106194694,
      "mfe_avg": 6.025734513274336,
      "mae_avg": -1.3749469026548673,
      "stock_coverage": 58,
      "has_fwd_15jc": 207,
      "has_fwd_wr": 63.28502415458937,
      "has_fwd_ret": 4.41024154589372,
      "no_fwd_count": 878,
      "no_fwd_wr": 38.26879271070615,
      "no_fwd_ret": 1.4430296127562643,
      "exit_reasons": {
        "减仓卖": 799,
        "止损": 331
      }
    },
    "Z3_star_wait_ma_wait_jincha+min60+pe_d": {
      "name": "Z3: ★买→MA理顺→等金叉→入场 [完整追赶]",
      "total": 414,
      "wins": 170,
      "wr": 41.06280193236715,
      "avg_ret": 2.057632850241546,
      "avg_bars": 54.06521739130435,
      "mfe_avg": 6.176014492753623,
      "mae_avg": -1.5060144927536232,
      "stock_coverage": 58,
      "has_fwd_15jc": 115,
      "has_fwd_wr": 50.43478260869565,
      "has_fwd_ret": 4.099043478260869,
      "no_fwd_count": 287,
      "no_fwd_wr": 36.23693379790941,
      "no_fwd_ret": 1.1261672473867594,
      "exit_reasons": {
        "减仓卖": 373,
        "止损": 41
      }
    }
  }
}