{"vocab": ["\u65b9\u5411", "\u5305\u542b\u5173\u7cfb", "\u8f6c\u6298", "\u9876\u5206\u578b", "\u5e95\u5206\u578b", "\u5176\u4ed6"], "seq_len": 10, "params": 21478, "val_acc": 36.27916724884728, "random_baseline": 16.666666666666668}