{
  "config": {
    "months": 6,
    "universe_size": 58,
    "period": "min5"
  },
  "note": "Z1=★买→12根内等5分金叉→入场; T2=★买+金叉当根; 环境:60分黄线+日线PE",
  "results": {
    "T2_jincha+min60+pe_d": {
      "name": "T2: ★买+5分金叉当根 [对照]",
      "total": 126,
      "wins": 62,
      "wr": 49.2063492063492,
      "avg_ret": 2.530396825396825,
      "avg_bars": 57.611111111111114,
      "mfe_avg": 6.345714285714285,
      "mae_avg": -0.6603968253968253,
      "stock_coverage": 51,
      "has_fwd_15jc": 4,
      "has_fwd_wr": 100.0,
      "has_fwd_ret": 17.6675,
      "no_fwd_count": 120,
      "no_fwd_wr": 46.666666666666664,
      "no_fwd_ret": 2.0229166666666667,
      "exit_reasons": {
        "减仓卖": 104,
        "止损": 22
      }
    },
    "Z1_star_wait_jincha+min60+pe_d": {
      "name": "Z1: ★买→等5分金叉(12根)→入场 [追赶]",
      "total": 492,
      "wins": 213,
      "wr": 43.292682926829265,
      "avg_ret": 2.5561585365853663,
      "avg_bars": 58.636178861788615,
      "mfe_avg": 6.765650406504065,
      "mae_avg": -1.4145528455284553,
      "stock_coverage": 58,
      "has_fwd_15jc": 111,
      "has_fwd_wr": 56.75675675675676,
      "has_fwd_ret": 4.742522522522522,
      "no_fwd_count": 358,
      "no_fwd_wr": 37.43016759776536,
      "no_fwd_ret": 1.8356983240223463,
      "exit_reasons": {
        "减仓卖": 445,
        "止损": 47
      }
    },
    "T1_ma+nodeath+min60+pe_d": {
      "name": "T1: ★买+MA+无死叉 [MA基线]",
      "total": 51,
      "wins": 36,
      "wr": 70.58823529411765,
      "avg_ret": 6.16843137254902,
      "avg_bars": 90.19607843137256,
      "mfe_avg": 11.398823529411766,
      "mae_avg": -0.7235294117647059,
      "stock_coverage": 31,
      "has_fwd_15jc": 19,
      "has_fwd_wr": 94.73684210526315,
      "has_fwd_ret": 8.622631578947368,
      "no_fwd_count": 30,
      "no_fwd_wr": 56.666666666666664,
      "no_fwd_ret": 5.036333333333333,
      "exit_reasons": {
        "减仓卖": 44,
        "止损": 7
      }
    }
  }
}